<!DOCTYPE hibernate-configuration PUBLIC 
	"-//Hibernate/Hibernate Configuration DTD//EN"
	"http://hibernate.sourceforge.net/hibernate-configuration-3.0.dtd">
<hibernate-configuration>
	<session-factory name="student1Factory">
		<property name="connection.driver_class">
			com.mysql.jdbc.Driver
		</property>
		<property name="connection.url">
			jdbc:mysql://localhost:3306/test
		</property>
		<property name="connection.username">
			root
		</property>
		<property name="connection.password">
			
		</property>
		<property name="connection.pool_size">5</property>
		<!-- SQL dialect -->
		<property name="dialect">
			org.hibernate.dialect.MySQLDialect
		</property>
		<!-- Echo all executed SQL to stdout -->
		<property name="show_sql">true</property>

		<property name="hbm2ddl.auto">update</property>
		<mapping resource="Student.hbm.xml" />
	</session-factory>
</hibernate-configuration>