<?xml version="1.0"?>
<!DOCTYPE hibernate-mapping PUBLIC 
	"-//Hibernate/Hibernate Mapping DTD//EN"
	"http://hibernate.sourceforge.net/hibernate-mapping-3.0.dtd">
<hibernate-mapping>
	<class name="com.ec.lab.Product" table="products">
		<id name="id" column="sid">
			<generator class="increment" />
		</id>
		<property name="product" column="product" not-null="true" />
		<property name="price" column="price" />
		<property name="inventorycount" column="inventorycount"  />
		
		

	</class>

</hibernate-mapping>